<?xml version="1.0" encoding="UTF-8"?>

<export>
	<info>
		<creator>jgregorio</creator>
		<opencms_version>9.5.3</opencms_version>
		<createdate>Fri, 08 Dec 2017 22:30:29 GMT</createdate>
		<infoproject>Offline</infoproject>
		<export_version>7</export_version>
	</info>
	<module>
		<name>com.saga.opencms.vue.search</name>
		<nicename><![CDATA[Vue Search]]></nicename>
		<group>com.saga.opencms.vue</group>
		<class/>
		<description><![CDATA[Searcher using Vue]]></description>
		<version>0.1</version>
		<authorname><![CDATA[jgregorio]]></authorname>
		<authoremail><![CDATA[jesus.gregorio@sagasolucines.com]]></authoremail>
		<datecreated/>
		<userinstalled/>
		<dateinstalled/>
		<dependencies/>
		<exportpoints/>
		<resources>
			<resource uri="/system/modules/com.saga.opencms.vue.search/"/>
		</resources>
		<parameters/>
	</module>
	<files>
		<file>
			<destination>system</destination>
			<type>folder</type>
			<uuidstructure>0b5db51b-5ddf-11e7-aa72-a9d86ae54e32</uuidstructure>
			<datelastmodified>Fri, 30 Jun 2017 21:57:01 GMT</datelastmodified>
			<userlastmodified>Admin</userlastmodified>
			<datecreated>Fri, 30 Jun 2017 21:57:01 GMT</datecreated>
			<usercreated>Admin</usercreated>
			<flags>0</flags>
			<properties/>
			<relations/>
			<accesscontrol>
				<accessentry>
					<uuidprincipal>ROLE.WORKPLACE_USER</uuidprincipal>
					<flags>514</flags>
					<permissionset>
						<allowed>1</allowed>
						<denied>0</denied>
					</permissionset>
				</accessentry>
			</accesscontrol>
		</file>
		<file>
			<destination>system/modules</destination>
			<type>folder</type>
			<uuidstructure>10b161e7-5ddf-11e7-aa72-a9d86ae54e32</uuidstructure>
			<datelastmodified>Fri, 30 Jun 2017 21:57:09 GMT</datelastmodified>
			<userlastmodified>Admin</userlastmodified>
			<datecreated>Fri, 30 Jun 2017 21:57:09 GMT</datecreated>
			<usercreated>Admin</usercreated>
			<flags>0</flags>
			<properties/>
			<relations/>
			<accesscontrol>
				<accessentry>
					<uuidprincipal>ROLE.WORKPLACE_USER</uuidprincipal>
					<flags>514</flags>
					<permissionset>
						<allowed>5</allowed>
						<denied>0</denied>
					</permissionset>
				</accessentry>
			</accesscontrol>
		</file>
		<file>
			<destination>system/modules/com.saga.opencms.vue.search</destination>
			<type>folder</type>
			<uuidstructure>3b07bd8e-dc65-11e7-9c97-f53d2dda7236</uuidstructure>
			<datelastmodified>Fri, 08 Dec 2017 22:14:59 GMT</datelastmodified>
			<userlastmodified>jgregorio</userlastmodified>
			<datecreated>Fri, 08 Dec 2017 22:14:59 GMT</datecreated>
			<usercreated>jgregorio</usercreated>
			<flags>0</flags>
			<properties/>
			<relations/>
			<accesscontrol/>
		</file>
		<file>
			<destination>system/modules/com.saga.opencms.vue.search/elements</destination>
			<type>folder</type>
			<uuidstructure>0476402f-dc67-11e7-9c97-f53d2dda7236</uuidstructure>
			<datelastmodified>Fri, 08 Dec 2017 22:27:47 GMT</datelastmodified>
			<userlastmodified>jgregorio</userlastmodified>
			<datecreated>Fri, 08 Dec 2017 22:27:47 GMT</datecreated>
			<usercreated>jgregorio</usercreated>
			<flags>0</flags>
			<properties/>
			<relations/>
			<accesscontrol/>
		</file>
		<file>
			<source>system/modules/com.saga.opencms.vue.search/elements/v-controller.jsp</source>
			<destination>system/modules/com.saga.opencms.vue.search/elements/v-controller.jsp</destination>
			<type>jsp</type>
			<uuidstructure>04818ad1-dc67-11e7-9c97-f53d2dda7236</uuidstructure>
			<uuidresource>04818ad2-dc67-11e7-9c97-f53d2dda7236</uuidresource>
			<datelastmodified>Fri, 08 Dec 2017 22:27:47 GMT</datelastmodified>
			<userlastmodified>jgregorio</userlastmodified>
			<datecreated>Fri, 08 Dec 2017 22:27:47 GMT</datecreated>
			<usercreated>jgregorio</usercreated>
			<flags>0</flags>
			<properties>
				<property type="shared">
					<name>export</name>
					<value><![CDATA[false]]></value>
				</property>
			</properties>
			<relations/>
			<accesscontrol/>
		</file>
		<file>
			<source>system/modules/com.saga.opencms.vue.search/elements/v-searcher.jsp</source>
			<destination>system/modules/com.saga.opencms.vue.search/elements/v-searcher.jsp</destination>
			<type>jsp</type>
			<uuidstructure>04a4f154-dc67-11e7-9c97-f53d2dda7236</uuidstructure>
			<uuidresource>04a4f155-dc67-11e7-9c97-f53d2dda7236</uuidresource>
			<datelastmodified>Fri, 08 Dec 2017 22:27:47 GMT</datelastmodified>
			<userlastmodified>jgregorio</userlastmodified>
			<datecreated>Fri, 08 Dec 2017 22:27:47 GMT</datecreated>
			<usercreated>jgregorio</usercreated>
			<flags>0</flags>
			<properties>
				<property type="shared">
					<name>export</name>
					<value><![CDATA[false]]></value>
				</property>
			</properties>
			<relations/>
			<accesscontrol/>
		</file>
		<file>
			<source>system/modules/com.saga.opencms.vue.search/elements/v-solrquery.jsp</source>
			<destination>system/modules/com.saga.opencms.vue.search/elements/v-solrquery.jsp</destination>
			<type>jsp</type>
			<uuidstructure>04c8f417-dc67-11e7-9c97-f53d2dda7236</uuidstructure>
			<uuidresource>04c8f418-dc67-11e7-9c97-f53d2dda7236</uuidresource>
			<datelastmodified>Fri, 08 Dec 2017 22:27:47 GMT</datelastmodified>
			<userlastmodified>jgregorio</userlastmodified>
			<datecreated>Fri, 08 Dec 2017 22:27:47 GMT</datecreated>
			<usercreated>jgregorio</usercreated>
			<flags>0</flags>
			<properties>
				<property type="shared">
					<name>export</name>
					<value><![CDATA[false]]></value>
				</property>
			</properties>
			<relations/>
			<accesscontrol/>
		</file>
		<file>
			<destination>system/modules/com.saga.opencms.vue.search/i18n</destination>
			<type>folder</type>
			<uuidstructure>05007eda-dc67-11e7-9c97-f53d2dda7236</uuidstructure>
			<datelastmodified>Fri, 08 Dec 2017 22:27:48 GMT</datelastmodified>
			<userlastmodified>jgregorio</userlastmodified>
			<datecreated>Fri, 08 Dec 2017 22:27:48 GMT</datecreated>
			<usercreated>jgregorio</usercreated>
			<flags>0</flags>
			<properties/>
			<relations/>
			<accesscontrol/>
		</file>
		<file>
			<source>system/modules/com.saga.opencms.vue.search/i18n/com.saga.opencms.vue.searcher.messages</source>
			<destination>system/modules/com.saga.opencms.vue.search/i18n/com.saga.opencms.vue.searcher.messages</destination>
			<type>xmlvfsbundle</type>
			<uuidstructure>0515184c-dc67-11e7-9c97-f53d2dda7236</uuidstructure>
			<uuidresource>0515184d-dc67-11e7-9c97-f53d2dda7236</uuidresource>
			<datelastmodified>Fri, 08 Dec 2017 22:28:28 GMT</datelastmodified>
			<userlastmodified>jgregorio</userlastmodified>
			<datecreated>Fri, 08 Dec 2017 22:27:48 GMT</datecreated>
			<usercreated>jgregorio</usercreated>
			<flags>0</flags>
			<properties/>
			<relations/>
			<accesscontrol/>
		</file>
		<file>
			<destination>system/modules/com.saga.opencms.vue.search/lib</destination>
			<type>folder</type>
			<uuidstructure>053b8c0e-dc67-11e7-9c97-f53d2dda7236</uuidstructure>
			<datelastmodified>Fri, 08 Dec 2017 22:27:48 GMT</datelastmodified>
			<userlastmodified>jgregorio</userlastmodified>
			<datecreated>Fri, 08 Dec 2017 22:27:48 GMT</datecreated>
			<usercreated>jgregorio</usercreated>
			<flags>0</flags>
			<properties/>
			<relations/>
			<accesscontrol/>
		</file>
		<file>
			<source>system/modules/com.saga.opencms.vue.search/lib/com.saga.opencms.vue.search-1.0.jar</source>
			<destination>system/modules/com.saga.opencms.vue.search/lib/com.saga.opencms.vue.search-1.0.jar</destination>
			<type>binary</type>
			<uuidstructure>05502580-dc67-11e7-9c97-f53d2dda7236</uuidstructure>
			<uuidresource>05502581-dc67-11e7-9c97-f53d2dda7236</uuidresource>
			<datelastmodified>Fri, 08 Dec 2017 22:27:48 GMT</datelastmodified>
			<userlastmodified>jgregorio</userlastmodified>
			<datecreated>Fri, 08 Dec 2017 22:27:48 GMT</datecreated>
			<usercreated>jgregorio</usercreated>
			<flags>0</flags>
			<properties/>
			<relations/>
			<accesscontrol/>
		</file>
		<file>
			<source>system/modules/com.saga.opencms.vue.search/lib/groovy-all-2.4.7.jar</source>
			<destination>system/modules/com.saga.opencms.vue.search/lib/groovy-all-2.4.7.jar</destination>
			<type>binary</type>
			<uuidstructure>058147a2-dc67-11e7-9c97-f53d2dda7236</uuidstructure>
			<uuidresource>058147a3-dc67-11e7-9c97-f53d2dda7236</uuidresource>
			<datelastmodified>Fri, 08 Dec 2017 22:27:49 GMT</datelastmodified>
			<userlastmodified>jgregorio</userlastmodified>
			<datecreated>Fri, 08 Dec 2017 22:27:49 GMT</datecreated>
			<usercreated>jgregorio</usercreated>
			<flags>0</flags>
			<properties/>
			<relations/>
			<accesscontrol/>
		</file>
		<file>
			<destination>system/modules/com.saga.opencms.vue.search/resources</destination>
			<type>folder</type>
			<uuidstructure>0685e664-dc67-11e7-9c97-f53d2dda7236</uuidstructure>
			<datelastmodified>Fri, 08 Dec 2017 22:27:50 GMT</datelastmodified>
			<userlastmodified>jgregorio</userlastmodified>
			<datecreated>Fri, 08 Dec 2017 22:27:50 GMT</datecreated>
			<usercreated>jgregorio</usercreated>
			<flags>0</flags>
			<properties/>
			<relations/>
			<accesscontrol/>
		</file>
		<file>
			<destination>system/modules/com.saga.opencms.vue.search/resources/js</destination>
			<type>folder</type>
			<uuidstructure>06988406-dc67-11e7-9c97-f53d2dda7236</uuidstructure>
			<datelastmodified>Fri, 08 Dec 2017 22:27:50 GMT</datelastmodified>
			<userlastmodified>jgregorio</userlastmodified>
			<datecreated>Fri, 08 Dec 2017 22:27:50 GMT</datecreated>
			<usercreated>jgregorio</usercreated>
			<flags>0</flags>
			<properties/>
			<relations/>
			<accesscontrol/>
		</file>
		<file>
			<destination>system/modules/com.saga.opencms.vue.search/resources/js/v-search</destination>
			<type>folder</type>
			<uuidstructure>0760b510-dc67-11e7-9c97-f53d2dda7236</uuidstructure>
			<datelastmodified>Fri, 08 Dec 2017 22:27:52 GMT</datelastmodified>
			<userlastmodified>jgregorio</userlastmodified>
			<datecreated>Fri, 08 Dec 2017 22:27:52 GMT</datecreated>
			<usercreated>jgregorio</usercreated>
			<flags>0</flags>
			<properties/>
			<relations/>
			<accesscontrol/>
		</file>
		<file>
			<source>system/modules/com.saga.opencms.vue.search/resources/js/v-search/build.js</source>
			<destination>system/modules/com.saga.opencms.vue.search/resources/js/v-search/build.js</destination>
			<type>plain</type>
			<uuidstructure>076b8a82-dc67-11e7-9c97-f53d2dda7236</uuidstructure>
			<uuidresource>076b8a83-dc67-11e7-9c97-f53d2dda7236</uuidresource>
			<datelastmodified>Fri, 08 Dec 2017 22:27:52 GMT</datelastmodified>
			<userlastmodified>jgregorio</userlastmodified>
			<datecreated>Fri, 08 Dec 2017 22:27:52 GMT</datecreated>
			<usercreated>jgregorio</usercreated>
			<flags>0</flags>
			<properties/>
			<relations/>
			<accesscontrol/>
		</file>
		<file>
			<source>system/modules/com.saga.opencms.vue.search/resources/js/v-search/build.js.map</source>
			<destination>system/modules/com.saga.opencms.vue.search/resources/js/v-search/build.js.map</destination>
			<type>plain</type>
			<uuidstructure>078fdb64-dc67-11e7-9c97-f53d2dda7236</uuidstructure>
			<uuidresource>078fdb65-dc67-11e7-9c97-f53d2dda7236</uuidresource>
			<datelastmodified>Fri, 08 Dec 2017 22:27:52 GMT</datelastmodified>
			<userlastmodified>jgregorio</userlastmodified>
			<datecreated>Fri, 08 Dec 2017 22:27:52 GMT</datecreated>
			<usercreated>jgregorio</usercreated>
			<flags>0</flags>
			<properties/>
			<relations/>
			<accesscontrol/>
		</file>
	</files>
</export>
